[
{
  "model": "webapp.poll",
  "pk": 3,
  "fields": {
    "question": "\u0421\u043a\u043e\u043b\u044c\u043a\u043e \u0432\u0440\u0435\u043c\u0435\u043d\u0438 \u0412\u044b \u043f\u0440\u043e\u0432\u043e\u0434\u0438\u0442\u0435 \u0432 \u0438\u043d\u0442\u0435\u0440\u043d\u0435\u0442\u0435??",
    "create_date": "2019-10-19T06:26:15.789Z"
  }
},
{
  "model": "webapp.poll",
  "pk": 4,
  "fields": {
    "question": "\u0427\u0442\u043e \u043d\u0443\u0436\u043d\u043e \u0412\u0430\u043c \u0441\u0435\u0439\u0447\u0430\u0441 \u0434\u043b\u044f \u043f\u043e\u043b\u043d\u043e\u0433\u043e \u0441\u0447\u0430\u0441\u0442\u044c\u044f?",
    "create_date": "2019-10-19T06:26:33.909Z"
  }
},
{
  "model": "webapp.poll",
  "pk": 5,
  "fields": {
    "question": "\u0412\u044b \u0440\u0443\u0433\u0430\u0435\u0442\u0435\u0441\u044c \u043c\u0430\u0442\u043e\u043c?",
    "create_date": "2019-10-19T06:26:49.749Z"
  }
},
{
  "model": "webapp.poll",
  "pk": 6,
  "fields": {
    "question": "\u0411\u0435\u0441\u0438\u0442?",
    "create_date": "2019-10-19T06:27:03.767Z"
  }
},
{
  "model": "webapp.poll",
  "pk": 7,
  "fields": {
    "question": "\u0417\u0430\u0447\u0435\u043c \u043b\u044e\u0434\u0438 \u043e\u0442\u043a\u0440\u044b\u0432\u0430\u044e\u0442 \u0445\u043e\u043b\u043e\u0434\u0438\u043b\u044c\u043d\u0438\u043a?",
    "create_date": "2019-10-19T06:27:48.839Z"
  }
},
{
  "model": "webapp.poll",
  "pk": 8,
  "fields": {
    "question": "\u0422\u0435\u0441\u0442\u043e\u0432\u044b\u0439 \u043e\u043f\u0440\u043e\u0441!!",
    "create_date": "2019-10-19T06:33:39.730Z"
  }
},
{
  "model": "webapp.poll",
  "pk": 14,
  "fields": {
    "question": "\u0425\u043e\u0442\u0435\u043b\u0438 \u0431\u044b \u0412\u044b \u043f\u0440\u044b\u0433\u043d\u0443\u0442\u044c \u0441 \u043f\u0430\u0440\u0430\u0448\u044e\u0442\u043e\u043c?",
    "create_date": "2019-10-19T16:27:49.402Z"
  }
},
{
  "model": "webapp.poll",
  "pk": 15,
  "fields": {
    "question": "\u0415\u0441\u0442\u044c \u043b\u0438 \u0443 \u0412\u0430\u0441 \u0434\u043e\u043c\u0430\u0448\u043d\u0435\u0435 \u0436\u0438\u0432\u043e\u0442\u043d\u043e\u0435? \u0415\u0441\u043b\u0438 \u0434\u0430, \u0442\u043e \u044d\u0442\u043e...",
    "create_date": "2019-10-19T16:29:43.906Z"
  }
},
{
  "model": "webapp.poll",
  "pk": 16,
  "fields": {
    "question": "\u0410 \u0412\u044b \u0434\u0435\u043b\u0430\u0435\u0442\u0435 \u043f\u043e \u0443\u0442\u0440\u0430\u043c \u0437\u0430\u0440\u044f\u0434\u043a\u0443?)",
    "create_date": "2019-10-19T16:32:09.187Z"
  }
},
{
  "model": "webapp.poll",
  "pk": 17,
  "fields": {
    "question": "\u0412\u0435\u0440\u0438\u0442\u0435 \u043b\u0438 \u0412\u044b \u0432 \u041d\u041b\u041e \u0438 \u043f\u0440\u0438\u0448\u0435\u043b\u044c\u0446\u0435\u0432?",
    "create_date": "2019-10-19T16:34:30.275Z"
  }
},
{
  "model": "webapp.choice",
  "pk": 4,
  "fields": {
    "text": "\u041f\u043e\u0447\u0442\u0438 \u043d\u0435 \u0441\u0438\u0436\u0443 \u0432 \u0438\u043d\u0442\u0435\u0440\u043d\u0435\u0442\u0435",
    "poll": 3
  }
},
{
  "model": "webapp.choice",
  "pk": 5,
  "fields": {
    "text": "\u041d\u0435\u0441\u043a\u043e\u043b\u044c\u043a\u043e \u0440\u0430\u0437 \u0432 \u043d\u0435\u0434\u0435\u043b\u044e",
    "poll": 3
  }
},
{
  "model": "webapp.choice",
  "pk": 6,
  "fields": {
    "text": "\u042f \u0432\u0441\u0435\u0433\u0434\u0430 \u0432 \u0441\u0435\u0442\u0438 (24 \u0447\u0430\u0441\u0430 \u0432 \u0441\u0443\u0442\u043a\u0438)",
    "poll": 3
  }
},
{
  "model": "webapp.choice",
  "pk": 7,
  "fields": {
    "text": "\u0412\u0441\u0435 \u0441\u0432\u043e\u0431\u043e\u0434\u043d\u043e\u0435 \u0432\u0440\u0435\u043c\u044f",
    "poll": 3
  }
},
{
  "model": "webapp.choice",
  "pk": 8,
  "fields": {
    "text": "\u0423 \u043c\u0435\u043d\u044f \u0432\u0441\u0451 \u0435\u0441\u0442\u044c! \u042f \u0441\u0447\u0430\u0441\u043b\u0438\u0432(\u0430)!",
    "poll": 4
  }
},
{
  "model": "webapp.choice",
  "pk": 9,
  "fields": {
    "text": "\u0414\u0435\u043d\u0435\u0433",
    "poll": 4
  }
},
{
  "model": "webapp.choice",
  "pk": 10,
  "fields": {
    "text": "\u0417\u0434\u043e\u0440\u043e\u0432\u044c\u044f",
    "poll": 4
  }
},
{
  "model": "webapp.choice",
  "pk": 11,
  "fields": {
    "text": "\u041b\u044e\u0431\u0432\u0438",
    "poll": 4
  }
},
{
  "model": "webapp.choice",
  "pk": 12,
  "fields": {
    "text": "\u0421\u0432\u043e\u0431\u043e\u0434\u044b",
    "poll": 4
  }
},
{
  "model": "webapp.choice",
  "pk": 13,
  "fields": {
    "text": "\u0425\u043e\u0440\u043e\u0448\u0438\u0445 \u043e\u0446\u0435\u043d\u043e\u043a",
    "poll": 4
  }
},
{
  "model": "webapp.choice",
  "pk": 14,
  "fields": {
    "text": "\u0414\u0430, \u0435\u0436\u0435\u0434\u043d\u0435\u0432\u043d\u043e (\u0447\u0435\u0440\u0435\u0437 \u043a\u0430\u0436\u0434\u043e\u0435 \u0441\u043b\u043e\u0432\u043e)",
    "poll": 5
  }
},
{
  "model": "webapp.choice",
  "pk": 15,
  "fields": {
    "text": "\u0414\u0430, \u043f\u043e\u0441\u0442\u043e\u044f\u043d\u043d\u043e (\u0447\u0430\u0441\u0442\u043e)",
    "poll": 5
  }
},
{
  "model": "webapp.choice",
  "pk": 16,
  "fields": {
    "text": "\u0414\u0430, \u0438\u043d\u043e\u0433\u0434\u0430 (\u0440\u0435\u0434\u043a\u043e)",
    "poll": 5
  }
},
{
  "model": "webapp.choice",
  "pk": 17,
  "fields": {
    "text": "\u041d\u0435\u0442",
    "poll": 5
  }
},
{
  "model": "webapp.choice",
  "pk": 18,
  "fields": {
    "text": "\u0414\u0430, \u0431\u0435\u0441\u0438\u0438\u0438\u0442!",
    "poll": 6
  }
},
{
  "model": "webapp.choice",
  "pk": 19,
  "fields": {
    "text": "\u041d\u0435\u0442, \u0432\u0441\u0435 \u0447\u0438\u043a\u0438-\u043f\u0443\u043a\u0438",
    "poll": 6
  }
},
{
  "model": "webapp.choice",
  "pk": 20,
  "fields": {
    "text": "\u0427\u0442\u043e\u0431\u044b \u043f\u043e\u0435\u0441\u0442\u044c",
    "poll": 7
  }
},
{
  "model": "webapp.choice",
  "pk": 21,
  "fields": {
    "text": "\u0427\u0442\u043e\u0431\u044b \u043f\u043e\u0434\u0443\u043c\u0430\u0442\u044c",
    "poll": 7
  }
},
{
  "model": "webapp.choice",
  "pk": 42,
  "fields": {
    "text": "\u0414\u0430",
    "poll": 14
  }
},
{
  "model": "webapp.choice",
  "pk": 43,
  "fields": {
    "text": "\u041d\u0435\u0442",
    "poll": 14
  }
},
{
  "model": "webapp.choice",
  "pk": 44,
  "fields": {
    "text": "\u041a\u043e\u0448\u043a\u0438",
    "poll": 15
  }
},
{
  "model": "webapp.choice",
  "pk": 45,
  "fields": {
    "text": "\u0421\u043e\u0431\u0430\u043a\u0438",
    "poll": 15
  }
},
{
  "model": "webapp.choice",
  "pk": 46,
  "fields": {
    "text": "\u041f\u0442\u0438\u0446\u044b",
    "poll": 15
  }
},
{
  "model": "webapp.choice",
  "pk": 47,
  "fields": {
    "text": "\u0420\u044b\u0431\u043a\u0438",
    "poll": 15
  }
},
{
  "model": "webapp.choice",
  "pk": 48,
  "fields": {
    "text": "\u0425\u043e\u043c\u044f\u0447\u043a\u0438",
    "poll": 15
  }
},
{
  "model": "webapp.choice",
  "pk": 49,
  "fields": {
    "text": "\u0414\u0430, \u043d\u043e \u043e\u0447\u0435\u043d\u044c \u0440\u0435\u0434\u043a\u043e (\u043d\u0435\u043a\u043e\u0433\u0434\u0430 \u0438\u043b\u0438 \u0437\u0430\u0431\u044b\u0432\u0430\u044e)",
    "poll": 16
  }
},
{
  "model": "webapp.choice",
  "pk": 50,
  "fields": {
    "text": "\u0414\u0430, \u043a\u0430\u0436\u0434\u044b\u0439 \u0434\u0435\u043d\u044c!",
    "poll": 16
  }
},
{
  "model": "webapp.choice",
  "pk": 51,
  "fields": {
    "text": "\u041d\u0435\u0442",
    "poll": 16
  }
},
{
  "model": "webapp.choice",
  "pk": 52,
  "fields": {
    "text": "\u0414\u0430",
    "poll": 17
  }
},
{
  "model": "webapp.choice",
  "pk": 53,
  "fields": {
    "text": "\u041d\u0435\u0442",
    "poll": 17
  }
},
{
  "model": "webapp.choice",
  "pk": 55,
  "fields": {
    "text": "\u041c\u044b \u0443\u0436\u0435 \u0441\u0440\u0435\u0434\u0438 \u0432\u0430\u0441 *\u0417\u041b\u041e\u0412\u0415\u0429\u0418\u0419 \u0421\u041c\u0415\u0425*",
    "poll": 17
  }
},
{
  "model": "webapp.answer",
  "pk": 2,
  "fields": {
    "poll": 6,
    "choice": 18,
    "create_date": "2019-10-19T11:05:22.198Z"
  }
},
{
  "model": "webapp.answer",
  "pk": 3,
  "fields": {
    "poll": 3,
    "choice": 5,
    "create_date": "2019-10-19T11:07:21.339Z"
  }
},
{
  "model": "webapp.answer",
  "pk": 4,
  "fields": {
    "poll": 7,
    "choice": 20,
    "create_date": "2019-10-19T11:08:56.304Z"
  }
},
{
  "model": "webapp.answer",
  "pk": 5,
  "fields": {
    "poll": 7,
    "choice": 21,
    "create_date": "2019-10-19T11:09:42.464Z"
  }
},
{
  "model": "webapp.answer",
  "pk": 9,
  "fields": {
    "poll": 5,
    "choice": 14,
    "create_date": "2019-10-19T11:42:27.927Z"
  }
},
{
  "model": "webapp.answer",
  "pk": 10,
  "fields": {
    "poll": 6,
    "choice": 18,
    "create_date": "2019-10-19T11:49:54.829Z"
  }
},
{
  "model": "webapp.answer",
  "pk": 12,
  "fields": {
    "poll": 4,
    "choice": 13,
    "create_date": "2019-10-19T11:53:34.236Z"
  }
},
{
  "model": "webapp.answer",
  "pk": 13,
  "fields": {
    "poll": 5,
    "choice": 14,
    "create_date": "2019-10-19T12:05:43.626Z"
  }
},
{
  "model": "webapp.answer",
  "pk": 16,
  "fields": {
    "poll": 7,
    "choice": 21,
    "create_date": "2019-10-19T12:15:18.538Z"
  }
},
{
  "model": "webapp.answer",
  "pk": 17,
  "fields": {
    "poll": 5,
    "choice": 17,
    "create_date": "2019-10-19T12:50:29.421Z"
  }
},
{
  "model": "webapp.answer",
  "pk": 18,
  "fields": {
    "poll": 5,
    "choice": 17,
    "create_date": "2019-10-19T12:50:32.638Z"
  }
},
{
  "model": "webapp.answer",
  "pk": 19,
  "fields": {
    "poll": 5,
    "choice": 17,
    "create_date": "2019-10-19T13:02:06.179Z"
  }
},
{
  "model": "webapp.answer",
  "pk": 20,
  "fields": {
    "poll": 5,
    "choice": 15,
    "create_date": "2019-10-19T13:42:11.856Z"
  }
},
{
  "model": "webapp.answer",
  "pk": 22,
  "fields": {
    "poll": 7,
    "choice": 20,
    "create_date": "2019-10-19T15:47:30.831Z"
  }
},
{
  "model": "webapp.answer",
  "pk": 23,
  "fields": {
    "poll": 4,
    "choice": 8,
    "create_date": "2019-10-19T15:47:53.173Z"
  }
},
{
  "model": "webapp.answer",
  "pk": 26,
  "fields": {
    "poll": 15,
    "choice": 44,
    "create_date": "2019-10-19T16:31:08.643Z"
  }
},
{
  "model": "webapp.answer",
  "pk": 27,
  "fields": {
    "poll": 15,
    "choice": 44,
    "create_date": "2019-10-19T16:31:14.276Z"
  }
},
{
  "model": "webapp.answer",
  "pk": 28,
  "fields": {
    "poll": 15,
    "choice": 47,
    "create_date": "2019-10-19T16:31:19.096Z"
  }
},
{
  "model": "webapp.answer",
  "pk": 29,
  "fields": {
    "poll": 16,
    "choice": 49,
    "create_date": "2019-10-19T16:32:44.338Z"
  }
},
{
  "model": "auth.user",
  "pk": 1,
  "fields": {
    "password": "pbkdf2_sha256$150000$27Q111YoXPt8$/vXtS5HxNKkvXwesKDrjNqH3gIOAabpxMfXb9divymY=",
    "last_login": "2019-10-19T06:19:36.510Z",
    "is_superuser": true,
    "username": "admin",
    "first_name": "",
    "last_name": "",
    "email": "",
    "is_staff": true,
    "is_active": true,
    "date_joined": "2019-10-19T06:19:24.531Z",
    "groups": [],
    "user_permissions": []
  }
}
]
